<?xml version="1.0" encoding="UTF-8"?>

<!-- ====  mapper 기본설정 ==== -->
<!DOCTYPE mapper PUBLIC "-//mybatis.org//DTD Mapper 3.0//EN" "http://mybatis.org/dtd/mybatis-3-mapper.dtd">

<!--  커밋때문에 주석문한거라 신경안써도 됩니다., -->
<!-- 루트 엘리먼트 & 네임 스페이스 설정 ( 프로젝트 전체 내에서 유일해야 한다.) -->
<!-- namespace 는 보통 파일명 ( 프로젝트 내에서 고유해야 한다. ) -->
<mapper namespace="dwsMapper" >

	<select id="selectMember" parameterType="String" resultType="com.project.smh.SmhMemberVO">
		SELECT 
			   MEMBER_IDX,
			   NAME ,
			   HP1 ,
			   HP2 ,
			   HP3 ,
			   EMAIL
		FROM TBL_HERE_MEMBER 
		WHERE MEMBER_IDX = #{member_idx}

	</select>
	<select id="selectReservation" parameterType="String" resultType="com.project.dws.DwoReservationVO">
		SELECT c.RES_NUMBER,
			   c.RES_RECEIPT,
			   c.FK_MEMBER_IDX,
			   c.FK_ROOM_IDX,
			   c.FK_COUPON_CODE,
			   c.RES_PAYMENT,
			   c.RESSTATUS_IN_DAY,
			   c.RESSTATUS_OUT_DAY,
			   c.RES_TOTALPRICE,
			   c.RES_POINT,
			   a.hotel_name,
			   b.room_name,
			   b.room_checkintime,
			   b.room_checkouttime
		FROM tbl_here_hotelInfo a , tbl_here_roomInfo b , TBL_HERE_RESERVATION c 
		WHERE a.HOTEL_IDX = b.FK_HOTEL_IDX  
			  AND c.FK_ROOM_IDX = b.ROOM_IDX
			  AND RES_NUMBER = #{res_number}
		
	</select>
	
	<update id="updateReservation" parameterType="com.project.dws.DwoReservationVO">
		UPDATE TBL_HERE_RESERVATION 
		SET RES_PAYMENT = #{res_payment} , 
		RES_POINT = #{mpointCash},
		FK_MEMBER_IDX = #{member_idx}
		WHERE RES_NUMBER = #{res_number}
	</update>
	
	

	<update id="updatePayStatus" parameterType="com.project.dws.DwoReservationVO">
		UPDATE TBL_HERE_RESERVATION 
		SET RES_PAYMENTSTATUS = #{res_paymentstatus} 
		WHERE RES_NUMBER = #{res_number}
	</update>
	
	<select id="selectMpointCash" parameterType="String" resultType="String"> 
		SELECT MPOINTCASH 
		FROM TBL_HERE_MPOINT 
		WHERE fk_member_idx = #{meber_idx}
	</select>
	
	<update id="updateDeductionMpointCash" parameterType="com.project.dws.DwoReservationVO">
		UPDATE TBL_HERE_MPOINT
		SET MPOINTCASH = ( 
						   SELECT MPOINTCASH - nvl(#{mpointCash},0)
						   FROM TBL_HERE_MPOINT 
						   WHERE FK_MEMBER_IDX = #{member_idx}
						   )
		WHERE FK_MEMBER_IDX = #{fk_member_idx}
	</update>
	
	<insert id="insertReservation" parameterType="com.project.dws.DwoReservationVO">
		INSERT INTO TBL_HERE_RESERVATION (
            RES_NUMBER,
            RES_RECEIPT,
            FK_MEMBER_IDX,
            FK_ROOM_IDX,
            RES_PAYMENT,
            RESSTATUS_IN_DAY,
            RESSTATUS_OUT_DAY,
            RES_TOTALPRICE,
            RES_POINT,
            RES_PAYMENTSTATUS,
            RES_PAYMENTDAY,
            FK_HOTEL_IDX
            ) values (
	            #{res_number},
	            #{res_receipt},
	            #{fk_member_idx},
	            #{room_idx},
	            #{res_payment},
	            to_date(#{startday},'yyyy-mm-dd') , 
	            to_date(#{endday},'yyyy-mm-dd'), 
	            #{res_totalprice}, 
	            #{mpointCash}, 
	            1, 
	            sysdate,
	            (select hotel_idx from tbl_here_hotelInfo a join tbl_here_roomInfo b 
	            on a.hotel_idx=b.fk_hotel_idx where room_idx = #{room_idx})
            )
	</insert>
		
	<insert id="insertFinish" parameterType="com.project.dws.DwoReservationVO">
		INSERT INTO TBL_HERE_FINISH ( 
		SEQ , FK_RES_NUMBER , FINISH_ADDPOINT , FINISH_PAYMENTSTATUS )
		VALUES ( 
		seq_here_finish.nextval , #{res_number} , 
		#{finish_addpoint} , 0 )
	</insert>	
		
	<select id="selectResNumber" resultType="String">
		SELECT seq_tbl_here_hotelInfo.NEXTVAL FROM DUAL
	</select>
	
	
	<update id="updateMpoint" parameterType="com.project.dws.DwoReservationVO">
		
		update tbl_here_mpoint set mpointcash = mpointcash - #{mpointCash}
		where fk_member_idx = #{fk_member_idx}
		
	</update>
	
	
	
	<resultMap type="HashMap" id="roomMap">
		<result property="hotel_idx"  column="hotel_idx"  javaType="String"/>
		<result property="hotel_name"  column="hotel_name"  javaType="String"/>
		<result property="room_idx"  column="room_idx"  javaType="String"/>
		<result property="room_name"  column="room_name"  javaType="String"/>
		<result property="room_checkintime"  column="room_checkintime"  javaType="String"/>
		<result property="room_checkouttime"  column="room_checkouttime"  javaType="String"/>
		<result property="roomprice_seqno"  column="roomprice_seqno"  javaType="String"/>
		<result property="roomprice"  column="roomprice"  javaType="String"/>
	</resultMap>
	
	<select id="getRoomInfo" parameterType="HashMap" resultMap="roomMap">
		select hotel_idx, hotel_name
		         , room_idx, room_name
		         , room_checkintime
		         , room_checkouttime
		         , roomprice_seqno
		         , roomprice
		from tbl_here_hotelInfo A
		join 
		tbl_here_roomInfo B
		on a.hotel_idx = b.fk_hotel_idx
		join 
		( select fk_room_idx, sum(roomprice) as roomprice from tbl_here_roomPrice 
		    where roomprice_date &gt;= to_date(#{startday},'yyyy-mm-dd') and roomprice_date &lt; to_date(#{endday},'yyyy-mm-dd')
		    group by fk_room_idx
		) c
		on b.room_idx = c.fk_room_idx
		join 
		( select fk_room_idx, roomprice_seqno from tbl_here_roomPrice
		    where roomprice_date &gt;= to_date(#{startday},'yyyy-mm-dd') and roomprice_date &lt; to_date(#{endday},'yyyy-mm-dd') ) d
		on c.fk_room_idx = d.fk_room_idx
		where room_idx = #{room_idx}
	
	</select>
	
	
	<resultMap type="HashMap" id="couponMap">
		<result property="coupon_code"  column="coupon_code"  javaType="String"/>
		<result property="coupon_name"  column="coupon_name"  javaType="String"/>
		<result property="coupon_discountmon"  column="coupon_discountmon"  javaType="String"/>
		<result property="coupon_discountpct"  column="coupon_discountpct"  javaType="String"/>
	</resultMap>
	
	<select id="getCouponList" parameterType="String" resultMap="couponMap">
		select  coupon_code
		        , coupon_name
		        , coupon_discountmon
		        , coupon_discountpct
		from 
		tbl_here_member_coupon a
		join 
		tbl_here_admin_coupon b
		on a.fk_coupon_code = b.coupon_code
		where fk_idx= #{member_idx} and coupon_status = 1
		and sysdate between coupon_startday and coupon_endday
		
	</select>
	
	<!-- <select ></select> -->
</mapper>

