<?xml version="1.0" encoding="UTF-8"?>

<!-- ======= tiles 레이아웃 설정하기 ======= -->
   <!-- 확인용 -->
<!DOCTYPE tiles-definitions PUBLIC
       "-//Apache Software Foundation//DTD Tiles Configuration 2.1//EN"
       "http://tiles.apache.org/dtds/tiles-config_2_1.dtd">

<tiles-definitions>
    
	<!-- ==== tiles 를 사용하는 레이아웃1 설정 시작 ==== -->
	<definition name="layout-tiles1" template="/WEB-INF/tiles/layout/layout-tiles1.jsp"> 
		<put-attribute name="header" value="/WEB-INF/tiles/tile1/header.jsp" />
		<put-attribute name="content" value="" />
		<put-attribute name="footer" value="/WEB-INF/tiles/tile1/footer.jsp" />
	</definition>
	
	<definition name="*/*.tiles1" extends="layout-tiles1">
		<put-attribute name="content" value="/WEB-INF/views/tiles1/{1}/{2}.jsp"/>
	</definition>
	<definition name="*/*/*.tiles1" extends="layout-tiles1">
		<put-attribute name="content" value="/WEB-INF/views/tiles1/{1}/{2}/{3}.jsp"/>
	</definition>
	<!-- ==== tiles 를 사용하는 레이아웃1 설정 끝 ==== --> 
	
	   
     <!-- ==== tiles 를 사용하는 레이아웃2 설정 시작 ==== -->
	<definition name="layout-tiles2" template="/WEB-INF/tiles/layout/layout-tiles2.jsp"> 
		<put-attribute name="header" value="/WEB-INF/tiles/tile2/header.jsp" />
		<put-attribute name="content" value="" />
		<put-attribute name="sideinfo" value="/WEB-INF/tiles/tile2/sideinfo.jsp" />
		<put-attribute name="footer" value="/WEB-INF/tiles/tile2/footer.jsp" />
	</definition>

	<definition name="*/*.tiles2_con" extends="layout-tiles2">
		<put-attribute name="content" value="/WEB-INF/views/tiles2/{1}/{2}.jsp"/>
	</definition>
	<definition name="*/*/*.tiles2_con" extends="layout-tiles2">
		<put-attribute name="content" value="/WEB-INF/views/tiles2/{1}/{2}/{3}.jsp"/>
	</definition>
	
	<definition name="*/*.tiles2_side" extends="layout-tiles2">
		<put-attribute name="sideinfo" value="/WEB-INF/views/tiles2/{1}/{2}.jsp"/>
	</definition>
	
	
	<!-- ==== tiles 를 사용하는 레이아웃1 설정 끝 ==== -->

  <!-- ==== 관리자페이지(박수빈) 설정 시작 ==== -->
	<definition name="layout-tilesSBM" template="/WEB-INF/tiles/layout/tilesSB/layout-tilesAdmin.jsp"> 
		<put-attribute name="header" value="/WEB-INF/tiles/layout/tilesSB/header.jsp" />
		<put-attribute name="header2" value="/WEB-INF/tiles/layout/tilesSB/adminHeader2M.jsp" />
		<put-attribute name="content" value="" />
		<put-attribute name="sideinfo" value="/WEB-INF/tiles/layout/tilesSB/adimnSideinfoM.jsp" />
		<put-attribute name="footer" value="/WEB-INF/tiles/layout/tilesSB/footer.jsp" />
	</definition>

	<definition name="*/*.tilesSBM" extends="layout-tilesSBM">  
		<put-attribute name="content" value="/WEB-INF/views/psb/{1}/{2}.jsp"/>
	</definition>
	
	<definition name="*/*/*.tilesSBM" extends="layout-tilesSBM">  
		<put-attribute name="content" value="/WEB-INF/views/psb/{1}/{2}/{3}.jsp"/>
	</definition>
	
	<definition name="layout-tilesSBS" template="/WEB-INF/tiles/layout/tilesSB/layout-tilesAdmin.jsp"> 
		<put-attribute name="header" value="/WEB-INF/tiles/layout/tilesSB/header.jsp" />
		<put-attribute name="header2" value="/WEB-INF/tiles/layout/tilesSB/adminHeader2S.jsp" />
		<put-attribute name="content" value="" />
		<put-attribute name="sideinfo" value="/WEB-INF/tiles/layout/tilesSB/adimnSideinfoS.jsp" />
		<put-attribute name="footer" value="/WEB-INF/tiles/layout/tilesSB/footer.jsp" />
	</definition>

	<definition name="*/*.tilesSBS" extends="layout-tilesSBS">  
		<put-attribute name="content" value="/WEB-INF/views/psb/{1}/{2}.jsp"/>
	</definition>
	
	<definition name="*/*/*.tilesSBS" extends="layout-tilesSBS">  
		<put-attribute name="content" value="/WEB-INF/views/psb/{1}/{2}/{3}.jsp"/>
	</definition>
	
	<definition name="layout-tilesSBSAT" template="/WEB-INF/tiles/layout/tilesSB/layout-tilesAdminSAT.jsp"> 
		<put-attribute name="header" value="/WEB-INF/tiles/layout/tilesSB/header.jsp" />
		<put-attribute name="header2" value="/WEB-INF/tiles/layout/tilesSB/adminHeader2SAT.jsp" />
		<put-attribute name="content" value="" />
		<put-attribute name="footer" value="/WEB-INF/tiles/layout/tilesSB/footer.jsp" />
	</definition>

	<definition name="*/*.tilesSBSAT" extends="layout-tilesSBSAT">  
		<put-attribute name="content" value="/WEB-INF/views/psb/{1}/{2}.jsp"/>
	</definition>
	
	<definition name="*/*/*.tilesSBSAT" extends="layout-tilesSBSAT">  
		<put-attribute name="content" value="/WEB-INF/views/psb/{1}/{2}/{3}.jsp"/>
	</definition>
	
	<!-- ====  ==== -->
	
	<!-- 양현재 타일즈 -->
	<definition name="layout-tiles_yhj" template="/WEB-INF/tiles/layout/layout-tiles_yhj.jsp"> 
		<put-attribute name="header" value="/WEB-INF/tiles/tile_yhj/header_yhj.jsp" />
		<put-attribute name="head_div" value="/WEB-INF/tiles/tile_yhj/head_div_yhj.jsp" />
		<put-attribute name="content" value="" />
		<put-attribute name="footer" value="/WEB-INF/tiles/tile_yhj/footer_yhj.jsp" />
	</definition>
	
	<definition name="*.tiles_yhj" extends="layout-tiles_yhj">
		<put-attribute name="content" value="/WEB-INF/views/yhj/tile_yhj/{1}.jsp"/>
	</definition>
	<definition name="*/*.tiles_yhj" extends="layout-tiles_yhj">
		<put-attribute name="content" value="/WEB-INF/views/yhj/tile_yhj/{1}/{2}.jsp"/>
	</definition>
	<!-- 양현재 타일즈 끝 -->
	
	

	<!-- 도우석 타일즈 확인 -->
	<definition name="layout-tiles_dws" template="/WEB-INF/tiles/layout/layout-tiles_dws.jsp"> 
		<put-attribute name="header" value="/WEB-INF/tiles/tile_dws/header_dws.jsp" />
		<put-attribute name="head_div" value="/WEB-INF/tiles/tile_dws/head_div_dws.jsp" />
		<put-attribute name="content" value="" />
		<put-attribute name="footer" value="/WEB-INF/tiles/tile_dws/footer_dws.jsp" />
	</definition>
	
	<definition name="*/*.tiles_dws" extends="layout-tiles_dws">
		<put-attribute name="content" value="/WEB-INF/views/{1}/{2}.jsp"/>
	</definition>
	<!--  도우석 타일즈 끝
	 -->
	 
	 <!-- ==== SMH 내정보 MyPage tiles 설정시작  ==== -->
	<definition name="layout-tilesSMH" template="/WEB-INF/tiles/layout/tilesMH/layout-tilesUserMyPage.jsp"> 
		<put-attribute name="header" value="/WEB-INF/tiles/layout/tilesMH/header.jsp" />
		<put-attribute name="header2" value="/WEB-INF/tiles/layout/tilesMH/userMyPageHeader2.jsp" />
		<put-attribute name="content" value="" />
		<put-attribute name="sideinfo" value="/WEB-INF/tiles/layout/tilesMH/userPagesideinfo.jsp" />
		<put-attribute name="footer" value="/WEB-INF/tiles/layout/tilesMH/footer.jsp" />
	</definition>

	<definition name="*.tilesSMH" extends="layout-tilesSMH">
		<put-attribute name="content" value="/WEB-INF/views/smh/{1}.jsp"/>
	</definition>
	<definition name="*/*.tilesSMH" extends="layout-tilesSMH">
		<put-attribute name="content" value="/WEB-INF/views/smh/{1}/{2}.jsp"/>
	</definition>
	<definition name="*/*/*.tilesSMH" extends="layout-tilesSMH">
		<put-attribute name="content" value="/WEB-INF/views/smh/{1}/{2}/{3}.jsp"/>
	</definition>
	
	<definition name="*/*.tilesSMH" extends="layout-tilesSMH">
		<put-attribute name="sideinfo" value="/WEB-INF/views/smh/{1}/{2}.jsp"/>
	</definition>
	
	
	<!-- ==== SMH 내정보 MyPage tiles 설정 끝 ==== -->
	
</tiles-definitions>       